{
    "4": {
        "M": [
            -22.69,
            -22.19,
            -21.69,
            -21.19,
            -20.69,
            -20.19,
            -19.69,
            -19.19,
            -18.69,
            -18.19,
            -17.69,
            -16.94,
            -15.94
        ],
        "phi_k": [
            3e-06,
            1.5e-05,
            0.000134,
            0.000393,
            0.000678,
            0.001696,
            0.002475,
            0.002984,
            0.005452,
            0.006865,
            0.010473,
            0.02458,
            0.02508
        ],
        "err": [
            4e-06,
            9e-06,
            2.3e-05,
            4e-05,
            6.3e-05,
            0.000113,
            0.000185,
            0.000255,
            0.000446,
            0.001043,
            0.002229,
            0.0035,
            0.00786
        ]
    },
    "5": {
        "M": [
            -23.11,
            -22.61,
            -22.11,
            -21.61,
            -21.11,
            -20.61,
            -20.11,
            -19.61,
            -19.11,
            -18.36,
            -17.36,
            -16.36
        ],
        "phi_k": [
            2e-06,
            6e-06,
            3.4e-05,
            0.000101,
            0.000265,
            0.000676,
            0.001029,
            0.002085,
            0.00446,
            0.0086,
            0.0244
        ],
        "err": [
            2e-06,
            3e-06,
            8e-06,
            1.4e-05,
            2.5e-05,
            4.6e-05,
            6.7e-05,
            9.4e-05,
            0.000171,
            0.00054,
            0.00176,
            0.00716
        ]
    },
    "6": {
        "M": [
            -22.52,
            -22.02,
            -21.52,
            -21.02,
            -20.52,
            -20.02,
            -19.52,
            -18.77,
            -17.77,
            -16.77
        ],
        "phi_k": [
            2e-06,
            1.5e-05,
            5.3e-05,
            0.000176,
            0.00032,
            0.000698,
            0.001246,
            0.0019,
            0.00668,
            0.01364
        ],
        "err": [
            2e-06,
            6e-06,
            1.2e-05,
            2.5e-05,
            4.1e-05,
            8.3e-05,
            0.000137,
            0.00032,
            0.00138,
            0.0042
        ]
    },
    "7": {
        "M": [
            -22.66,
            -22.16,
            -21.66,
            -21.16,
            -20.66,
            -20.16,
            -19.66,
            -19.16,
            -18.66,
            -17.91,
            -16.91
        ],
        "phi_k": [
            null,
            1e-06,
            3.3e-05,
            4.8e-05,
            0.000193,
            0.000309,
            0.000654,
            0.000907,
            0.001717,
            0.00584,
            0.0085
        ],
        "err": [
            2e-06,
            9e-06,
            1.5e-05,
            3.4e-05,
            6.1e-05,
            0.0001,
            0.000177,
            0.000478,
            0.00146,
            0.00294
        ]
    },
    "8": {
        "M": [
            -22.87,
            -22.37,
            -21.87,
            -21.37,
            -20.87,
            -20.37,
            -19.87,
            -19.37,
            -18.62,
            -17.62
        ],
        "phi_k": [
            null,
            null,
            5e-06,
            1.3e-05,
            5.8e-05,
            6e-05,
            0.000331,
            0.000533,
            0.00106,
            0.00274
        ],
        "err": [
            2e-06,
            2e-06,
            3e-06,
            5e-06,
            1.5e-05,
            2.6e-05,
            0.000104,
            0.000226,
            0.00034,
            0.00104
        ]
    },
    "10": {
        "M": [
            -22.23,
            -21.23,
            -20.23,
            -19.23,
            -18.23
        ],
        "phi_k": [
            null,
            1e-06,
            1e-05,
            null,
            2.66e-05
        ],
        "err": [
            1e-06,
            1e-06,
            5e-06,
            4.9e-05,
            0.000171
        ]
    }
}