{
    "6": {
        "M": [
            -20.75,
            -20.25,
            -19.75,
            -19.25,
            -18.75,
            -18.25,
            -17.75,
            -17.25,
            -16.75,
            -16.25,
            -15.75,
            -15.25,
            -14.75,
            -14.25,
            -13.75,
            -13.25,
            -12.75
        ],
        "phi_k": [
            -3.6989700043360187,
            -3.0457574905606752,
            -3.154901959985743,
            -2.744727494896694,
            -2.4436974992327127,
            -2.221848749616356,
            -2.1487416512809245,
            -1.9546770212133426,
            -1.7695510786217261,
            -1.8477116556169435,
            -1.3819519032879073,
            -1.2225731776106885,
            -1.0877779434675845,
            -0.9779842601822797,
            -0.894489815230026,
            -0.8344589232776269,
            -0.8002448227465253
        ],
        "err_sup": [
            2.0000000000000002e-07,
            4.0000000000000003e-07,
            4.0000000000000003e-07,
            6e-07,
            9e-07,
            1.2000000000000002e-07,
            6.6e-06,
            1.02e-05,
            1.65e-05,
            1.7100000000000002e-05,
            3.54e-05,
            7.570000000000001e-05,
            0.00019020000000000002,
            0.0005414,
            0.0016478999999999999,
            0.00543,
            0.0198
        ],
        "err_inf": [
            2.0000000000000002e-07,
            4.0000000000000003e-07,
            4.0000000000000003e-07,
            6e-07,
            9e-07,
            1.2e-06,
            1.4e-06,
            2.2e-06,
            3.9e-06,
            5.400000000000001e-06,
            6.9e-06,
            1.06e-05,
            2.1000000000000002e-05,
            4.3400000000000005e-05,
            7.47e-05,
            0.0001077,
            0.0001343
        ]
    },
    "8": {
        "M": [
            -20.85,
            -20.35,
            -19.85,
            -19.35,
            -18.6,
            -17.6
        ],
        "phi_k": [
            -4.267606240177032,
            -4.221848749616356,
            -3.494850021680094,
            -3.303643611266668,
            -2.9913998282380825,
            -2.5816987086802548
        ],
        "err_sup": [
            1.6e-05,
            2.6e-05,
            0.0001,
            0.000212,
            0.00034,
            0.1
        ],
        "err_inf": [
            1.6e-05,
            2.6e-05,
            0.0001,
            0.000212,
            0.00034,
            0.1
        ]
    },
    "10": {
        "M": [
            -20.25,
            -17.25
        ],
        "phi_k": [
            -5.0,
            -3.2006594505464183
        ],
        "err_sup": [
            1e-05,
            0.00149
        ],
        "err_inf": [
            5e-06,
            0.0005200000000000001
        ]
    }
}