{
    "6": {
        "M": [
            -20.75,
            -20.25,
            -19.75,
            -19.25,
            -18.75,
            -18.25,
            -17.75,
            -17.25,
            -16.75,
            -16.25,
            -15.75,
            -15.25,
            -14.75,
            -14.25,
            -13.75,
            -13.25,
            -12.75
        ],
        "phi_k": [
            -6.698970004336019,
            -6.045757490560675,
            -6.154901959985743,
            -5.7447274948966935,
            -5.443697499232713,
            -5.221848749616356,
            -5.1487416512809245,
            -4.954677021213342,
            -4.769551078621726,
            -4.847711655616943,
            -4.3819519032879075,
            -4.2225731776106885,
            -4.087777943467585,
            -3.97798426018228,
            -3.894489815230026,
            -3.834458923277627,
            -3.8002448227465253
        ],
        "err_sup": [
            6.698970004336019,
            6.3979400086720375,
            6.3979400086720375,
            6.221848749616356,
            6.045757490560675,
            6.920818753952375,
            5.180456064458132,
            4.991399828238082,
            4.782516055786093,
            4.767003889607846,
            4.450996737974212,
            4.120904120499927,
            3.720789487398605,
            3.2664817485655124,
            2.7830691462589785,
            2.265200170411153,
            1.7033348097384688
        ],
        "err_inf": [
            6.698970004336019,
            6.3979400086720375,
            6.3979400086720375,
            6.221848749616356,
            6.045757490560675,
            5.920818753952375,
            5.853871964321762,
            5.657577319177793,
            5.4089353929735005,
            5.267606240177032,
            5.161150909262744,
            4.97469413473523,
            4.6777807052660805,
            4.36251027048749,
            4.126679398184601,
            3.9677842967020185,
            3.8719239873312845
        ]
    },
    "8": {
        "M": [
            -20.85,
            -20.35,
            -19.85,
            -19.35,
            -18.6,
            -17.6
        ],
        "phi_k": [
            -4.267606240177032,
            -4.221848749616356,
            -3.494850021680094,
            -3.303643611266668,
            -2.9913998282380825,
            -2.5816987086802548
        ],
        "err_sup": [
            4.795880017344075,
            4.585026652029182,
            4.0,
            3.6736641390712483,
            3.4685210829577446,
            1.0
        ],
        "err_inf": [
            4.795880017344075,
            4.585026652029182,
            4.0,
            3.6736641390712483,
            3.4685210829577446,
            1.0
        ]
    },
    "10": {
        "M": [
            -20.25,
            -17.25
        ],
        "phi_k": [
            -5.0,
            -3.2006594505464183
        ],
        "err_sup": [
            5.0,
            2.826813731587726
        ],
        "err_inf": [
            5.301029995663981,
            3.283996656365201
        ]
    }
}