{
    "6": {
        "M": [
            -20.75,
            -20.25,
            -19.75,
            -19.25,
            -18.75,
            -18.25,
            -17.75,
            -17.25,
            -16.75,
            -16.25,
            -15.75,
            -15.25,
            -14.75,
            -14.25,
            -13.75,
            -13.25,
            -12.75
        ],
        "phi_k": [
            0.0002,
            0.0009,
            0.0007,
            0.0018,
            0.0036,
            0.006,
            0.0071,
            0.0111,
            0.017,
            0.0142,
            0.0415,
            0.0599,
            0.0817,
            0.1052,
            0.1275,
            0.1464,
            0.1584
        ],
        "err_sup": [
            0.0002,
            0.0004,
            0.0004,
            0.0006,
            0.0009,
            0.00012,
            0.0066,
            0.0102,
            0.0165,
            0.0171,
            0.0354,
            0.0757,
            0.1902,
            0.5414,
            1.6479,
            5.43,
            19.8
        ],
        "err_inf": [
            0.0002,
            0.0004,
            0.0004,
            0.0006,
            0.0009,
            0.0012,
            0.0014,
            0.0022,
            0.0039,
            0.0054,
            0.0069,
            0.0106,
            0.021,
            0.0434,
            0.0747,
            0.1077,
            0.1343
        ]
    },
    "8": {
        "M": [
            -20.85,
            -20.35,
            -19.85,
            -19.35,
            -18.6,
            -17.6
        ],
        "phi_k": [
            5.4e-05,
            6e-05,
            0.00032,
            0.000497,
            0.00102,
            0.00262
        ],
        "err_sup": [
            1.6e-05,
            2.6e-05,
            0.0001,
            0.000212,
            0.00034,
            0.001
        ],
        "err_inf": [
            1.6e-05,
            2.6e-05,
            0.0001,
            0.000212,
            0.00034,
            0.001
        ]
    },
    "10": {
        "M": [
            -20.25,
            -17.25
        ],
        "phi_k": [
            1e-05,
            0.00063
        ],
        "err_sup": [
            1e-05,
            0.00149
        ],
        "err_inf": [
            5e-06,
            0.0005200000000000001
        ]
    }
}