{
    "6": {
        "M": [
            -20.11,
            -19.77,
            -19.43,
            -19.09,
            -18.75,
            -18.41,
            -18.07,
            -17.73,
            -17.39,
            -17.05,
            -16.71,
            -16.369999999999997,
            -16.03,
            -15.69,
            -15.349999999999998,
            -15.009999999999998,
            -14.669999999999998,
            -14.329999999999998,
            -13.989999999999998,
            -13.649999999999999,
            -13.309999999999999,
            -12.969999999999999,
            -12.629999999999999,
            -12.29,
            -11.95,
            -11.61,
            -11.27,
            -10.929999999999998,
            -10.589999999999998,
            -10.249999999999998,
            -9.909999999999998
        ],
        "phi_k": [
            -3.26,
            -3.09,
            -2.92,
            -2.77,
            -2.61,
            -2.47,
            -2.32,
            -2.19,
            -2.05,
            -1.92,
            -1.79,
            -1.67,
            -1.56,
            -1.45,
            -1.36,
            -1.27,
            -1.19,
            -1.12,
            -1.06,
            -0.99,
            -0.94,
            -0.89,
            -0.84,
            -0.82,
            -0.81,
            -0.83,
            -0.88,
            -0.99,
            -1.16,
            -1.4,
            -1.72
        ],
        "err_sup": [
            0.15,
            0.12,
            0.09,
            0.08,
            0.07,
            0.06,
            0.07,
            0.07,
            0.09,
            0.1,
            0.11,
            0.12,
            0.12,
            0.13,
            0.14,
            0.14,
            0.15,
            0.19,
            0.24,
            0.31,
            0.4,
            0.45,
            0.55,
            0.65,
            0.76,
            0.89,
            1.07,
            1.27,
            1.47,
            1.72,
            2.08
        ],
        "err_inf": [
            0.12,
            0.1,
            0.08,
            0.07,
            0.06,
            0.06,
            0.07,
            0.08,
            0.09,
            0.11,
            0.12,
            0.12,
            0.13,
            0.14,
            0.14,
            0.15,
            0.17,
            0.18,
            0.2,
            0.23,
            0.27,
            0.37,
            0.48,
            0.63,
            0.83,
            1.1,
            1.41,
            1.84,
            2.42,
            3.18,
            4.1
        ]
    },
    "7": {
        "M": [
            -20.11,
            -19.77,
            -19.43,
            -19.09,
            -18.75,
            -18.41,
            -18.07,
            -17.73,
            -17.39,
            -17.05,
            -16.71,
            -16.369999999999997,
            -16.03,
            -15.69,
            -15.349999999999998,
            -15.009999999999998,
            -14.669999999999998,
            -14.329999999999998,
            -13.989999999999998,
            -13.649999999999999,
            -13.309999999999999,
            -12.969999999999999,
            -12.629999999999999,
            -12.29,
            -11.95,
            -11.61,
            -11.27,
            -10.929999999999998,
            -10.589999999999998,
            -10.249999999999998,
            -9.909999999999998
        ],
        "phi_k": [
            -3.57,
            -3.38,
            -3.2,
            -3.02,
            -2.86,
            -2.69,
            -2.53,
            -2.38,
            -2.23,
            -2.09,
            -1.95,
            -1.82,
            -1.7,
            -1.59,
            -1.49,
            -1.4,
            -1.32,
            -1.25,
            -1.17,
            -1.11,
            -1.05,
            -1.0,
            -0.96,
            -0.94,
            -0.93,
            -0.97,
            -1.05,
            -1.19,
            -1.4,
            -1.68,
            -2.07
        ],
        "err_sup": [
            0.15,
            0.12,
            0.1,
            0.08,
            0.07,
            0.07,
            0.07,
            0.08,
            0.1,
            0.11,
            0.12,
            0.13,
            0.14,
            0.14,
            0.14,
            0.15,
            0.17,
            0.22,
            0.28,
            0.35,
            0.45,
            0.53,
            0.61,
            0.74,
            0.88,
            0.98,
            1.17,
            1.41,
            1.64,
            1.93,
            2.35
        ],
        "err_inf": [
            0.13,
            0.1,
            0.08,
            0.07,
            0.07,
            0.07,
            0.09,
            0.1,
            0.11,
            0.12,
            0.13,
            0.14,
            0.14,
            0.15,
            0.16,
            0.17,
            0.18,
            0.19,
            0.22,
            0.28,
            0.32,
            0.42,
            0.57,
            0.73,
            0.96,
            1.32,
            1.71,
            2.18,
            2.87,
            3.75,
            4.84
        ]
    },
    "8": {
        "M": [
            -20.11,
            -19.77,
            -19.43,
            -19.09,
            -18.75,
            -18.41,
            -18.07,
            -17.73,
            -17.39,
            -17.05,
            -16.71,
            -16.369999999999997,
            -16.03,
            -15.69,
            -15.349999999999998,
            -15.009999999999998,
            -14.669999999999998,
            -14.329999999999998,
            -13.989999999999998,
            -13.649999999999999,
            -13.309999999999999,
            -12.969999999999999,
            -12.629999999999999,
            -12.29,
            -11.95,
            -11.61,
            -11.27,
            -10.929999999999998,
            -10.589999999999998,
            -10.249999999999998,
            -9.909999999999998
        ],
        "phi_k": [
            -3.95,
            -3.73,
            -3.53,
            -3.33,
            -3.14,
            -2.96,
            -2.79,
            -2.62,
            -2.45,
            -2.3,
            -2.15,
            -2.01,
            -1.88,
            -1.76,
            -1.66,
            -1.56,
            -1.47,
            -1.4,
            -1.32,
            -1.25,
            -1.19,
            -1.14,
            -1.1,
            -1.08,
            -1.09,
            -1.14,
            -1.24,
            -1.41,
            -1.65,
            -1.99,
            -2.44
        ],
        "err_sup": [
            0.17,
            0.13,
            0.1,
            0.08,
            0.08,
            0.07,
            0.09,
            0.09,
            0.11,
            0.13,
            0.14,
            0.15,
            0.15,
            0.16,
            0.16,
            0.17,
            0.2,
            0.26,
            0.32,
            0.41,
            0.5,
            0.56,
            0.71,
            0.81,
            0.95,
            1.1,
            1.3,
            1.54,
            1.81,
            2.19,
            2.61
        ],
        "err_inf": [
            0.14,
            0.11,
            0.09,
            0.08,
            0.08,
            0.09,
            0.09,
            0.11,
            0.12,
            0.14,
            0.14,
            0.15,
            0.16,
            0.16,
            0.17,
            0.19,
            0.19,
            0.21,
            0.25,
            0.3,
            0.37,
            0.52,
            0.64,
            0.87,
            1.14,
            1.51,
            1.97,
            1.26,
            3.32,
            4.3,
            5.59
        ]
    },