{
    "6": {
        "M": [
            -20.75,
            -19.75,
            -18.75,
            -17.75,
            -16.75,
            -15.75,
            -14.75,
            -14.25,
            -13.75
        ],
        "phi_k": [
            0.0002,
            0.0007,
            0.0036,
            0.0071,
            0.017,
            0.0415,
            0.0817,
            0.1052,
            0.1275
        ],
        "err_sup": [
            0.0002,
            0.0004,
            0.0009,
            0.0066,
            0.0165,
            0.0354,
            0.1902,
            0.5414,
            1.6479
        ],
        "err_inf": [
            0.0002,
            0.0004,
            0.0009,
            0.0014,
            0.0039,
            0.0069,
            0.021,
            0.0434,
            0.0747
        ]
    },
    "8": {
        "M": [
            -20.85,
            -19.85,
            -18.6
        ],
        "phi_k": [
            5.4e-05,
            0.00032,
            0.00102
        ],
        "err_sup": [
            1.6e-05,
            0.0001,
            0.00034
        ],
        "err_inf": [
            1.6e-05,
            0.0001,
            0.00034
        ]
    },
    "10": {
        "M": [
            -20.25,
            -17.25
        ],
        "phi_k": [
            1e-05,
            0.00063
        ],
        "err_sup": [
            1e-05,
            0.00149
        ],
        "err_inf": [
            5e-06,
            0.0005200000000000001
        ]
    }
}